Adam Cremonensis	<Adamo da Cremona>	De regimine et via itineris et fine peregrinantium
Adamnanus Hyensis	<Adamnanus Hiiensis, Adamnano di Iona>	De locis sanctis
Aegidius Li Muisis	<Aegidius Mucidus, Gilles Le Muiset, Gilles Li Muisis>	Itinerarium expeditionis Romam
Aeneas Silvius Piccolomini	<Pius secundus, Pio II, Enea Silvio Piccolomini>	Cosmographia
Aeneas Silvius Piccolomini	<Pius secundus, Pio II, Enea Silvio Piccolomini>	De Asia
Aeneas Silvius Piccolomini	<Pius secundus, Pio II, Enea Silvio Piccolomini>	De Europa
Aeneas Silvius Piccolomini	<Pius secundus, Pio II, Enea Silvio Piccolomini>	De ritu, situ, moribus et conditione Germaniae descriptio
Aethicus Istricus	<Aethicus Ister, Aethicus Philosophus, Etico Istro>	Cosmographia
Agostinus Patricius Piccolomineus	<Agostino Patrizi Piccolomini>	De legatione Germanica Francisci Piccolhominei cardinalis Senensis
Aimericus Picaudus	<Aimery Picaus>	Iter pro peregrinis ad Compostellam
Albertus Aquensis	<Alberto di Aquisgrana>	Historia Hierosolymitanae expeditionis 
Albertus Stadensis	<Alberto di Stade>	Annales Stadenses
Albertus de Bonstetten	<Albrecht von Bonstetten>	Superioris Germaniae confoederationis descriptio
Alexander Ariostus	<Alessandro Ariosto>	Itinerarium ad Montem Sinai
Alexander Ariostus	<Alessandro Ariosto>	Topographia terrae promissionis
Alexander Geraldinus	<Alessandro Geraldini>	Itinerarium ad regiones sub aequinoctiali plaga constitutas
Amadeus Boverius	<Amadeus Boverii fratre>	Libellus peregrinationis totius Terrae Sanctae
Ambrosius Traversarius	<Ambrogio Traversari>	Hodoeporicon
Andreas Perusinus	<Cambaliensis episcopus, Andreas de Perusio, Andrea da Perugia>	Epistola
Angelus Politianus	<Angelo Ambrogini, Angelo Poliziano>	Odoeporicon
Anglicus Grimoaldi	<Anglic de Grimoard>	Descriptio Romandiole
Anglicus Grimoaldi	<Anglic de Grimoard>	Descriptio civitatis Bononie
Anonimus Einsildensis	<Anonimo di Einsildensis>	Itinerarium Einsidlense
Anonymus Leidensis	<Anonimo di Leida>	De situ orbis
Anonymus Mediolanensis	<Anonimo Milanese>	Libellus de situ civitatis Mediolani
Anonymus Ravennas	<Geographus Ravennas, Geografo Ravennate, Anonimo Ravennate>	Cosmographia
Anonymus Suessionensis	<Anonimo di Soissons>	De terra Hierosolimitana
Anonymus alemannus	<Anonimo Alemanno>	Haec sunt loca que habentur iuxta Hierosolimam commemoratione digna
Anselmus Adurnus	<Anselmo Adorno>	Itinerarium Terrae Sanctae
Anselmus Remensis	<Anselmo Remense, Anselmo di Reims>	Historia dedicationis ecclesiae sancti Remigii apud Remos
Antonius Galatheus	<Antonio De Ferrariis Galateo>	De Hierosolymitana peregrinatione
Antonius Galatheus	<Antonio De Ferrariis Galateo>	De situ Iapygiae
Antonius Galatheus	<Antonio De Ferrariis Galateo>	De situ elementorum
Antonius Galatheus	<Antonio De Ferrariis Galateo>	De situ terrarum
Antonius Galatheus	<Antonio De Ferrariis Galateo>	Descriptio urbis Callipolis
Antonius Gallus	<Antonio Gallo>	Commentarii rerum Genuensium 
Antonius Gallus	<Antonio Gallo>	Commentarius de Genuensium maritima classe in Barchinonenses expedita
Antonius Gallus	<Antonio Gallo>	De navigatione Columbi per inaccessum antea Oceanum comentariolum
Antonius Hyvanus Sarzanensis	<Antonio Ivani da Sarzana>	De situ urbis Romae
Antonius de Reboldis	<Antonius de Cremona, Antonio da Cremona, Antonio de’ Reboldi>	Itinerarium ad Montem Sinai
Antonius de Reboldis	<Antonius de Cremona, Antonio da Cremona, Antonio de’ Reboldi>	Itinerarium ad Sepulcrum Domini
Augustinus Nettuccius	<Agostino Nettucci, Agostino Vespucci>	De situ totius Hispaniae
Balcus	<Balco>	Descriptio Helvetiae
Baldericus Burgulianus	<Baldericus Dolensis, Baldericus Andegavensis, Baldericus Burguliensis, Baudri de Bourgueil>	Epistola ad Fiscannenses (Itinerarium sive Relatio de monasterio Fiscannensi)
Bartholomaeus Anglicus	<Bartolomeo Anglico>	De proprietatibus rerum
Bartholomaeus Montagnana	<Bartholomaeus de Montagnana, Bartolomeo Montagnana>	De balneis patavinis
Bartholomaeus Moronus	<Bartolomeo Morone>	Dissertatio de Lecto Padi, a Ticino usque ad Urbem Mantuam
Bartholomeus de Baygueris	<Bartolomeo Bayguera>	Itinerarium
Beda Venerabilis	<Beda il Venerabile>	De locis sanctis
Beda Venerabilis	<Beda il Venerabile>	Nomina regionum atque locorum de Actibus apostolorum
Belardus de Esculo	<Belardo d'Ascoli>	Descriptio Terrae Sanctae
Benedictus Cochorella 	<Benedetto Cocorella>	Opus Tremitanum
Benedictus Polonus	<Benedykt Polak, Benedetto Polacco>	De itinere fratrum minorum ad Tartaros
Beniaminus Tudelensis	<Beniamino di Tudela>	Itinerarium
Bentius Alexandrinus	<Bentius Alexandrinus cancellarius>	Chronicon
Bernardus Bembus	<Bernardo Bembo>	Descriptio sui itineris
Bernardus Guidonis	<Bernardo Gui, Bernardo Guidoni>	Descriptio Galliarum
Bernardus Oricellarius	<Bernardo Rucellai>	De urbe Roma liber
Bernardus de Breydenbach	<Bernhard von Breydenbach>	Peregrinatio in Terram Sanctam
Bernardus monachus	<Bernardus Francus, Bernardus Savius, Bernardo il Saggio, Bernardo il Monaco>	Itinerarium in loca sancta
Blondus Flavius	<Biondo Flavio >	Italia illustrata
Blondus Flavius	<Biondo Flavio >	Roma instaurata
Bonaventura de Castello	<Bonaventura Castelli>	Recepta aquae balnei de Porrecta
Bonvicinus de Ripa	<Bonvesin de la Riva>	De magnalibus urbis Mediolani
Boschinus de Angleria	<Boschino d'Anghiera>	De situ et salubritate aeris civitatis Mediolani
Burchardus Argentinensis	<Burchard von Strassburg, Burcardo di Strasburgo>	Relatio de itinere in Terram Sanctam
Burchardus de Monte Sion	<Burchardus Theutonicus, Burcardo del Monte Sion>	Descriptio Terrae Sanctae
Christophorus Bondelmontius	<Cristoforo Buondelmonti, Cristoforo de' Buondelmonti, Cristoforo dei Buondelmonti, Cristoforo Bondelmonti, Cristophoro Buondelmonti, Cristoforo Bondelmonti>	Descriptio insule Crete
Christophorus Bondelmontius	<Cristoforo Buondelmonti, Cristoforo de' Buondelmonti, Cristoforo dei Buondelmonti, Cristoforo Bondelmonti, Cristophoro Buondelmonti, Cristoforo Bondelmonti>	Liber insularum archipelagi
Christophorus Columbus	<Cristoforo Colombo>	Epistola de insulis nuper inventis
Conradus Bitschin	<Konrad Bitschin>	Petri de Dusburg Chronici terrae Prussiae continuatio
Conradus Celtis	<Conrad Celtes>	De origine, situ, moribus et institutis Norimbergae libellus
Conradus Coci de Wimpina	<Konrad Koch>	Descriptio universitatis et urbis Lipsiensis
Conradus Tigurinus	<Conrad Türst>	De situ Confoederatorum descriptio
Constabulus	<Qusta ibn Luqa, Costa ben Luca>	De locis habitabilibus
Cyriacus Anconitanus	<Ciriaco de' Pizzicolli, Ciriaco d'Ancona>	Itinerarium
Dermatius Hiberniensis	<Dermazio>	Itineraria seu exhortatoria proficiscentis Jerusalem
Dicuil Hibernicus	<Dicuilus, Dichull, Dicul>	Liber de mensura orbis terrarum
Dominicus Machnaeus	<Domenico Macaneo>	Chorographya Verbani lacus
Dominicus Silvestri de Florentia	<Domenico di Silvestro>	De insulis et earum proprietatibus
Domnius de Cranchis	<Doymus de Cranchis, Domnus de Cranchis, Dodinusì de Cranchis, Dujam Kranković, Dujam Krančić, Dujam Hranković>	Bracie insulae descriptio
Dynamius Patricius	<Dinamio Agiografo>	De Lerine insula
Engelhardus Scintilla	<Engelhard Scintilla, Engelhard Funk>	Descriptio opidi patrii Suobacensis elegantissima
Erasmus Stella	<SJohannes Stüler>	De origine, vetustate, appellatione et regionibus Tubantinorum, Cygneorum, Libanothanorum, Misnensium, nec non Molbii fluminis descriptione
Felix Fabri	<Felix Schmid, Faber>	Descriptio Theutoniae, Sveviae et civitatis Ulmensis
Felix Fabri	<Felix Schmid, Faber>	Evagatorium in Terrae sanctae, Arabiae et Egypti peregrinationem
Franceschinus de Pontremulo	<Franceschino da Pontremoli>	Itinerarium in Terram Sanctam
Franciscus Petrarcha	<Francesco Petrarca>	Itineriarum breve de Ianua usque ad Ierusalem et Terram Sanctam
Franciscus Pipinus	<Francesco Pipino>	Chronicon
Franciscus Pipinus	<Francesco Pipino>	Liber Marci Pauli de Veneciis de consuetudinibus et condicionibus orientalium regionum
Franciscus Pipinus	<Francesco Pipino>	Tractatus de locis Terrae Sanctae anno 1320 visitatis
Franciscus de Albertinis	<Francesco Albertini>	Opusculum de mirabilibus novae et veteris urbis Romae
Franciscus de Albertinis	<Francesco Albertini>	Septem mirabilia orbis et urbis Romae et Florentinae civitatis
Frater Mauritius	<Maurice Csák>	Itinerarium in Terram Sanctam
Fridericus de Fulgineo	<Federico Frezzi da Foligno>	Epistola ad Iacobum II Aragonie regem de modo procedendi ut facilius et commodius dictam insulam [Sardiniae] consequatur
Fulcherius Carnotensis	<Fulcherio di Chartres>	Historia Iherololymitana Francorum Iherusalem peregrinantium
Gabrielis de Pechwarodino	<Gabriel de Pécsvárad>	Compendium locorum Terrae Sanctae
Galvanus Flamma	<Galvanus de la Flamma, Galvagnus de Flama, Galvano Fiamma>	Chronica extravagans
Geographus Bavarus	<Geografo Bavarese>	Descriptio civitatum ad septentrionalem plagam Danubii
Georgius Alte	<Georg Alt>	Descriptio Nuremberge
Georgius Emmerichius	<Georg Hemmerich>	Descriptio peregrinationis ad Terram Sanctam
Georgius Sisgoreus Sibenicensis	<Juraj Šižgorić>	De situ Illyriae et civitate Sebenici
Gervasius Tilberiensis	<Gervasio di Tilbury, Gervase of Tilbury>	Otia imperialia
Gilbertus Grineus	<Gilberto Grineo>	Topographia divi Hieronymi Sacelli
Gilo Parisiensis	<Gilles di Parigi>	Historia gestorum viae nostri temporis Ierosolymitanae
Giraldus Cambrensis	<Giraldo del Galles, Giraldo di Barri, Giraldo Cambrense>	Descriptio Kambriae
Giraldus Cambrensis	<Giraldo del Galles, Giraldo di Barri, Giraldo Cambrense>	Itinerarium Kambriae
Giraldus Cambrensis	<Giraldo del Galles, Giraldo di Barri, Giraldo Cambrense>	Topographia Hiberniae
Gregorius Terracinensis	<Gregorio da Terracina>	Versus de transitu peregrinorum ad sepulcrum Domini et captione Hierosolymitanae urbis
Gregorius magister	<Maestro Gregorio>	De mirabilibus urbis Romae
Gryphon Flamengus	<Grifone delle Fiandre, Grifon de Flandres>	Supplementum modernorum ad cosmographiam et chronographiam antiquorum super rebus Orientis
Guibertus Tornacensis	<Guibert van Doornik, Guibertus de Tornaco, Guibert de Tournai>	De locis mundis
Guibertus Tornacensis	<Guibert van Doornik, Guibertus de Tornaco, Guibert de Tournai>	Hodoeporicon primae profectionis Ludovici Galliae regis in Syriam
Guido de Basochis	<Guido di Bazoches, Guy de Bazoches>	Libellus de regionibus mundi
Guidus Pisanus	<Guido Pisanus>	Compilatio geographica et historica Egertoniana
Guidus Pisanus	<Guido Pisanus>	Liber compositus de variis historiis pro diversis utilitatibus lectori proventuris
Guilielmus Gratorolus	<Guglielmo Grataroli>	De thermis Rhaeticis et Vallis Treschurii agri Bergomatis
Guilielmus de Boldensele	<Guillaume de Boldensele>	Liber de quibusdam ultramarinis partibus et praecipue de Terra Sancta
Guillelmus Caoursinus	<Guillaume Caoursin>	Obsidionis Rhodiae urbis descriptio
Guillelmus Frederici	<Willem Frederiks>	De Frisiorum situ, origine, moribus, rebus gestis et viris illustribus
Guillelmus Gaudensis	<Guillelmus de Gouda, Willem van Gouda>	Peregrinationes totius Terrae Sanctae
Guillelmus Grandimontensis	<Guy de Grandmont, Guglielmo di Grandmont>	Itinerarium reliquiarum sanctarum septem virginum sociarum Sanctae Ursulae e diocesi Coloniensi in ecclesiam Grandimontis
Guillelmus Textor	<Wilhelm Tzewers>	Itinerarium Terrae Sanctae
Guillelmus Walteri de Zirixsee	<Willelm Walterszoon van Zierikzee, Guglielmo di Gualtiero da Zierikzee>	Descriptio de tota terra promissionis cum Hierusalem
Guillelmus Wey	<William Wey>	Itinerarium peregrinacionis ad sanctum Iacobum in Ispannya
Guillelmus Wey	<William Wey>	Itinerarium peregrinacionis ad sepulcrum sanctissimum
Guillelmus Wey	<William Wey>	Itinerarium secundum ad Terram Sanctam
Guillelmus Worcestrius	<William Worcester>	Itineraria
Guillelmus de Rubruc	<Guglielmo di Rubruck, Guillaume de Rubrouck, Willem van Ruysbroeck>	Itinerarium
Guillelmus filius Stephani	<William Fitzstephen>	Descriptio Londoniae
Haytonus de Corycus	<Antonius Curchinus, Ayton di Corycus, Hetoum di Corycus, Hetʾum di Corycus>	Flos historiarum terrae Orientis
Henricus Bebelius Iustingensis	<Henrich Bebel>	Carmen de urbe Constantia
Henricus Tribbe	<Heinrich Tribbe>	Descriptio urbis et episcopatus Mindensis
Henricus de Antwerpe	<Enrico da Anversa, Heinrich von Antwerpen>	Tractatus de urbe Brandenburg
Henricus de Glacz	<>	Relatio de mirabilibus orientalium Tatarorum
Henricus de Gundelfingen	<Heinrich von Gundelfingen>	Elogium, seu Descriptio, Confoederationis Helveticae
Henricus de Gundelfingen	<Heinrich von Gundelfingen>	Topographia urbis Bernensis
Hermannus Knuyt de Slyterhoven	<Hermann Knuyt van Slyterhoven>	Scornetta
Hieronymus Balbus	<Girolamo Balbi>	Hodoeporicon elegia Bohuslao de Hasistein
Hieronymus Bononius Tarvisinus	<Girolamo Bologni>	Mediolanum
Hieronymus Cordubensis	<Gerolamo da Cordoba, Girolamo da Cordoba, Jerónimo de Córdoba>	Descriptio Cordubae
Hieronymus Monetarius	<Hieronymus Münzer>	De inventione Africae maritimae et occidentalis videlicet Guineae per Infantem Henricum Portugalliae
Hieronymus Monetarius	<Hieronymus Münzer>	Itinerarium
Hieronymus Paulus	<Jeroni Pau>	Ad Barcinonem urbem
Hieronymus Paulus	<Jeroni Pau>	De fluminibus et montibus Hispaniarum libellus
Hieronymus de Bursellis	<Gerolamo Albertucci de' Borselli, Girolamo Albertucci de' Borselli>	Tractatus de origine civitatum Ytaliae
Hildebertus Cenomanensis	<Ildberto di Lavardin>	Insula Meldis ave
Honorius Augustodunensis	<Honorius Augustodunensis presbyter et scholasticus>	Imago mundi
Hrabanus Maurus	<Reabanus, Rhabanus, Rabanus Maurus Magnentius, Rabano Mauro>	De rerum naturis
Hubertus Decembrius	<Uberto Decembrio>	De eadem urbe et moribus incolarum copiosius (Epist. VI)
Hubertus Decembrius	<Uberto Decembrio>	Descriptio Pragensis urbis et nonnulla de moribus populi in ea existentibus (Epist. V)
Hugeburc monacha de Heidenheim	<Hugeberc, Hugeburc, Hygeburg, Hugeburc von Heidenheim, Hugeburc di Heidenheim>	Hodoeporicon sancti Willibaldi
Hugo de Sancto Victore	<Ugo di San Vittore>	Descriptio mappe mundi
Humbertus de Divione	<Humbertus Divionensis, Humbert de Dijon>	Liber de locis et conditionibus Terrae Sanctae et sepulcro
Hyacinthus presbyter	<prete Giacinto>	Itinerarium
Iacobus Angeli de Scarperia	<Iacopo Angeli, Iacopo di Angelo da Scarperia>	Cosmographia
Iacobus Bracellus	<Giacomo Bracelli, Iacopo Bracelli, Jacobus Bracellus>	Descriptio orae Ligusticae
Iacobus Utinensis	<Giacomo da Udine>	De antiquitatibus Aquileiensibus
Iacobus Veronensis	<Jacopo da Verona>	Liber peregrinationis
Iacobus de Vitriaco	<Jacques de Vitry>	Historia Hierosolymitana
Iannotius Manettus	<Giannozzo Manetti>	De terremotu
Ioannes Iovianus Pontanus	<Giovanni Pontano>	De bello Neapolitano
Ioannes Iovianus Pontanus	<Giovanni Pontano>	Hendecasyllaborum seu Baiarum libri
Ioannes Iovianus Pontanus	<Giovanni Pontano>	Meteororum liber
Iohannes Antonius Campanus	<Giovanni Antonio Campano>	De Thrasimeni foelicitate ad Pandulphum Balionium
Iohannes Antonius Pantheus	<Giovanni Antonio Panteo>	Annotationes ex trium dierum confabulationibus de thermis Caldarianis
Iohannes Boccaccius	<Giovanni Boccaccio>	De Canaria et insulis reliquis ultra Hispaniam noviter repertis
Iohannes Boccaccius	<Giovanni Boccaccio>	De montibus, lacubus, fluminibus, stagnis et paludibus, et de nominibus maris
Iohannes Caballini de Cerronibus	<Giovanni Cavallini dei Cerroni>	Polistoria de virtutibus et dotibus Romanorum
Iohannes Chrysostomus Zanchus	<Giovanni Crisostomo Zanchi>	De origine Orobiorum sive Cenomanorum
Iohannes Fedanzola Perusinus	<Giovanni Fedanzola>	Descriptio Terre Sancte
Iohannes Lagenator de Francofordia	<Iohannes de Francfordia, Johannes von Frankfurt>	Itinerarius
Iohannes Lupus de Palaciis Rubeis	<Juan Lopez de Palacios Rubios>	Insularum maris oceani tractatus
Iohannes Poloner	<John Poloner, Giovanni Poloner>	Descriptio Terrae Sanctae
Iohannes Porta de Annoniaco	<Johannes Porta de Avvoniaco, Jean Porta d'Annonay, Jean Porta, Jean d'Annonay, Jean La Porte, Giovanni Porta di Annonay>	Itinerarium cardinalis
Iohannes Teuxburiensis	<John of Tewkesbury>	De situ universorum
Iohannes Wirzburgensis	<Johannes von Würzburg>	Descriptio Terrae Sanctae
Iohannes de Cermenate	<Giovanni da Cermenate>	Historia de situ Ambrosianae urbis
Iohannes de Dondis ab Horologio	<Giovanni Dondi dell'Orologio>	Iter Romanum
Iohannes de Galonifontibus	<Jean de Gaillefontaine>	Libellus de notitia orbis
Iohannes de Mandavilla	<Jean de Mandeville, Iohannes de Sancto Albano, Iohannes Magnovillanus, Iohannes Magdovillanus>	Itinerarius a terra Anglie in partes Iherosolomitanas et in ulteriores marinas
Iohannes de Marignollis	<Giovanni de' Marignolli>	Chronicon Bohemorum
Iohannes de Meerhout	<Johannes Meerhout>	Tractatulus de laude terrae Brabantiae
Iohannes de Mussis	<Giovanni de' Mussi>	Placentinae urbis ac nonnullarum nobilium tum in ea, tum per Italiam familiarum descriptio
Iohannes de Plano Carpini	<Giovanni da Pian del Carpine>	Historia Mongalorum
Iohannes de Sancto Homero	<Audomaro, Johannes von Sankt Omer>	Impugnatio descriptionis Northfolchiae
Ionas Bobiensis	<Giona di Bobbio>	Carmen de Hibernia insula
Isidorus Hispalensis episcopus	<Isidoro di Siviglia, Isidoro Ispanico>	Etymologiarum libri XX
Iulianus frater	<Iulianus Hungarus, Frate Giuliano>	Epistola de vita Tartarorum
Iulius Pomponius Laetus	<Giulio Pomponio Leto>	De regionibus et Urbis vetustatibus descriptio
Ladislao Sunthaym	<Ladislaus Sunthaym>	Topographia Austriae
Lambertus Audomarensis canonicus	<Lambert de Saint-Omer, Lamberto di Saint-Omer>	Liber floridus
Leo Baptista Albertus	<Leon Battista Alberti>	Descriptio urbis Romae
Leonardus Brunus	< Leonardus Brunus Aretinus,  Leonardus Aretinus, Leonardo Bruni>	De temporibus suis
Leonardus Brunus	< Leonardus Brunus Aretinus,  Leonardus Aretinus, Leonardo Bruni>	Epistola de origine urbis Mantuae
Leonardus Brunus	< Leonardus Brunus Aretinus,  Leonardus Aretinus, Leonardo Bruni>	Epistola de peregrinatione ad urbem Constantiam (IV 3)
Leonardus Brunus	< Leonardus Brunus Aretinus,  Leonardus Aretinus, Leonardo Bruni>	Historiae Florentini populi
Leonardus Brunus	< Leonardus Brunus Aretinus,  Leonardus Aretinus, Leonardo Bruni>	Laudatio Florentinae urbis
Leonardus Brunus	< Leonardus Brunus Aretinus,  Leonardus Aretinus, Leonardo Bruni>	Vetustatis reliquae Arimini urbis quae sint
Lucianus Cestrensis monachus	<Lucian of Chester, Luciano di Chester>	De laude Cestriae
Ludolphus de Sudheim	<Ludolf von Sudheim, Ludolf von Suchem, Ludolfo di Suthen, Ludolfo di Suchen, Ludolfo di Sudheim>	De itinere Terrae Sanctae
Ludovicus Pasinus	<Ludovico Pasini>	Liber in quo de thermis Patavinis ac quibusdam aliis Italiae balneis tractatur
Ludovicus de Blasere	<Ludovico Blaserio, Lodewijk de Blasere, Ludovicus Blaserius>	Itinerarium profectionis in Terram Sanctam, Aegyptum, Syriam aliasque Asiaticas et Europaeas regiones
Ludovicus de Rupe Cavardi	<Louis de Rochechouard>	Itinerarium in Terram Sanctam
Ludovicus de Varthema	<Ludovicus Vertomannus, Ludovico di Varthema>	Novum itinerarium Aethiopiae, Aegipti, utriusque Arabiae, Persidis, Siriae, ac Indiae intra et extra
Mapheus Vegius Laudensis	<Maffeo Vegio di Lodi>	De rebus antiquis memorabilibus basilicae Sancti Petri Romae
Marcus Antonius Sabellicus	<Marcantonio Coccio, Marcantonio Sabellico>	De Venetae urbis situ et vetustate
Marcus Antonius Sabellicus	<Marcantonio Coccio, Marcantonio Sabellico>	De vetustate Aquileiae et Foriiulii libri VI
Marcus Paulus Venetus	<Marco Polo>	Il Milione (versio latina)
Marianus de Florentia	<Mariano di Firenze>	Itinerarium urbis Romae
Marinus Sanutus Torsellus	<Marinus Sanutus Torxellus, Marin Sanudo Torsello>	Conditiones Terrae Sanctae
Marinus Sanutus Torsellus	<Marinus Sanutus Torxellus, Marin Sanudo Torsello>	Liber secretorum fidelium Crucis
Marinus Sanutus Torsellus	<Marinus Sanutus Torxellus, Marin Sanudo Torsello>	Opus Terrae Sanctae
Marinus de Fregeno	<Marino di Fregeno>	Descriptio provinciarum Alamannorum
Matthaeus Parisiensis	<Matteo di Parigi>	Iter de Londinio in Terram Sanctam
Matthaeus Parisiensis	<Matteo di Parigi>	Tabulae geographicae
Maurus Lapi de Florentia	<Maurus Lapi, Mauro Lapi>	Itinerarium Hierosolymitanum
Maurus Lapi de Florentia	<Maurus Lapi, Mauro Lapi>	Stratto tirattolo dal santo passaggio
Maurus Lapi de Florentia	<Maurus Lapi, Mauro Lapi>	Vita donni Petri de Sardinea monaci Camaldulensis
Michael Savonarola	<Michele Savonarola>	De balneis et thermis naturalibus omnibus Italiae
Nicolaus Botruntinensis	<Nicola di Butrinto, Nicola di Ligny>	Relatio de itinere Italico Henrici VII imperatoris
Nicolaus Nicolus	<Nicolaus de Nicoli, Nicolaus Nicolai, Niccolò Niccoli>	Commentarium in peregrinatione Germaniae
Nicolaus Scillacius	<Nicola Squillaci, Nicola Scillaco>	De insulis Meridiani atque Indici maris nuper inventis
Nicolaus Signorilis	<Nicolò Signorili, Nicolaus de Signorilis>	De iuribus et excellentiis urbis Romae
Nicolaus de Comitibus	<Niccolò de' Conti>	India recognita
Nicolaus de Marthono	<Nicola de Martoni>	Liber peregrinationis ad loca sancta
Nicolaus de Rosenberg	<Nikolaus von Rosenberg>	De situ, moribus et diversitate Scythicarum gentium 
Odo de Diogilo	<Edes de Deuil>	De profectione Ludovici VII in Orientem
Odoricus de Portu Naonis	<Odorico da Pordenone>	Relatio de mirabilibus orientalium Tatarorum
Oliverius Coloniensis	<Oliviero da Colonia>	Descriptio Terrae Sanctae
Opicinus de Canistris	<Opicino de' Canistris>	Liber de laudibus civitatis Ticinensis
Opus sine auctore	<>	Breve commemoratorii de illis casis Dei vel monasteriis qui sunt in sancta Hierusalem vel in circuitu eius
Opus sine auctore	<>	Chronica de civitate Ravennae
Opus sine auctore	<>	Chronicon Altinate
Opus sine auctore	<>	Chronicon Gradense
Opus sine auctore	<>	Chronicon Terrae Sanctae
Opus sine auctore	<>	Civitates et castra que sunt in liga et societate in Tuscia contra dominum nostrum (Notitia antiqua status Hetruriae)
Opus sine auctore	<>	De Constantinopoli civitate
Opus sine auctore	<>	De Gallica Petri Damiani profectione et eius ultramontano itinere
Opus sine auctore	<>	De Hierusalem et de locis sanctis
Opus sine auctore	<>	De itinere Frisonum
Opus sine auctore	<>	De laude Pampilone epistola
Opus sine auctore	<>	De loci Goslariensis fundatione
Opus sine auctore	<>	De locis sanctis martyrum quae sunt foris civitatis Romae
Opus sine auctore	<>	De origine civitatis Erfordensis
Opus sine auctore	<>	De rebus naturalibus et curiositatibus Terrae Sanctae
Opus sine auctore	<>	De situ Albanie
Opus sine auctore	<>	De situ Brecheniauc
Opus sine auctore	<>	De situ urbis Hierusalem
Opus sine auctore	<>	Descriptio Europae Orientalis
Opus sine auctore	<>	Descriptio Florentinae urbis et reipublicae
Opus sine auctore	<>	Descriptio Frisiae
Opus sine auctore	<>	Descriptio Italiae
Opus sine auctore	<>	Descriptio Lateranensis ecclesiae
Opus sine auctore	<>	Descriptio Marchiae Anconitanae
Opus sine auctore	<>	Descriptio Terrae Sanctae
Opus sine auctore	<>	Descriptio positionis seu situationis monasterii Claraevallensis
Opus sine auctore	<>	Descriptio regni Cataiae
Opus sine auctore	<>	Descriptio sanctorum locorum Hierusalem
Opus sine auctore	<>	Descriptiones terrarum
Opus sine auctore	<>	Epistola Alexandri Magni ad Aristotelem de miraculis Indiae
Opus sine auctore	<>	Epistola Iohannis presbyteri, regis Indiae
Opus sine auctore	<>	Expositio mappae mundi
Opus sine auctore	<>	Graphia aureae urbis Romae
Opus sine auctore	<>	Historia de via Hierosolymis
Opus sine auctore	<>	Historia peregrinorum
Opus sine auctore	<>	Indulgentiae ecclesiarum urbis Romae
Opus sine auctore	<>	Iter Altmanni abbatis Altahensis
Opus sine auctore	<>	Itinerarium Antonini Placentini
Opus sine auctore	<>	Itinerarium cuiusdam Anglici Terram Sanctam et alia loca sancta visitantis
Opus sine auctore	<>	Itinerarium de Brugis
Opus sine auctore	<>	Laudes Coloniae
Opus sine auctore	<>	Libellus descriptionis Terrae Sanctae et peregrinationum ipsius extractus a variis hystoriis, cronicis et Sanctarum Scripturarum sententiis
Opus sine auctore	<>	Liber de existencia rivierarum et forma maris nostri Mediterranei
Opus sine auctore	<>	Liber pontificalis Ravennatis
Opus sine auctore	<>	Liber sancti Iacobi
Opus sine auctore	<>	Loca et civitates Terrae Sanctae
Opus sine auctore	<>	Loca sancta visitanda in partibus Ierusalem
Opus sine auctore	<>	Memoria de illis monasteriis quae sunt in extremis Hierusalem in terra promissionis
Opus sine auctore	<>	Mirabilia urbis Romae
Opus sine auctore	<>	Narratio itineris navalis ad Terram Sanctam
Opus sine auctore	<>	Navigatio Sancti Brendani
Opus sine auctore	<>	Notitia ecclesiarum urbis Romae
Opus sine auctore	<>	Oppositum montem conscendere cernis Orontem
Opus sine auctore	<>	Ordo peregrinationum in Iherusalem
Opus sine auctore	<>	Peregrinatio Antiochie per Urbanum papam facta
Opus sine auctore	<>	Peregrinatio et indulgentie Terre Sancte
Opus sine auctore	<>	Situs orbis terrae vel regionum
Opus sine auctore	<>	Tractatus de locis et statu sancte terre Ierosolimitane
Opus sine auctore	<>	Tractatus de rebus antiquis et situ urbis Romae (Anonymus Magliabechianus)
Palladius Niger	<Palladius Fuscus, Palladio Negri>	De situ orae Illyrici
Paschalis de Victoria	<Pascal de Vitoria, Pasquale da Vittoria>	Epistola de suo in Tartariam itinere
Paulus Sanctoninus	<Paulus de Sanctoninis, Paolo Santonino>	Itinerarium
Paulus Waltherus de Guglingen	<Paulus Walter>	Itinerarium in Terram Sanctam et ad Sanctam Catharinam
Petrus Amelii de Brenaco	<Pietro Ameli>	Itinerarium Gregorii XI Avenione Romam
Petrus Blesensis	<Pierre de Blois, Pietro di Blois>	Conquestio de dilatione viae Ierosolimitanae
Petrus Diaconus	<Pietro Diacono>	De locis sanctis
Petrus Franciscus Iustulus	<Pier Francesco Giustolo>	Descriptio montis Spoleto imminentis ad Clarelium Lupum
Petrus Mallii	<Petrus Mallius, Petrus de Mallo, Pietro Mallio>	Descriptio Basilicae Vaticanae
Petrus Paulus Paravicinus	<Pietro Paolo Paravicino, Pietro Paolo Paravicini>	De Masinensium et Burmiensium thermarum situ, natura miraculisque
Petrus Paulus Vergerius	<Petrus Iustinopolitanus, Petrus Histrus, Pietro Paolo Vergerio il Vecchio>	De situ urbis Iustinopolitane
Petrus Paulus Vergerius	<Petrus Iustinopolitanus, Petrus Histrus, Pietro Paolo Vergerio il Vecchio>	De situ veteris et inclyte urbis Rome
Petrus Ransanus	<Pietro Ranzano, Petrus Ranzanus>	Descriptio totius Italiae
Petrus Tudebodus	<Pietro Tudebode>	Historia de Hierosolymitano itinere
Petrus de Alliaco	<Petrus Aliacensis>	Imago mundi
Petrus de Curialtis	<Petrus de Tussignano, Pietro da Tussignano, Pietro Curialti>	Liber de balneis Burmi
Petrus de Dusburg	<Peter von Dusburg, Pietro di Duisburg>	Chronica terrae Prussiae
Petrus de Ebulo	<Pietro da Eboli>	De balneis Puteolanis
Petrus de Pennis	<Pierre de Penna, Petrus de Penna, Petrus Aprutinus, Pietro da Penne>	Libellus de locis ultramarinis
Philippus Brusserius Savonensis	<Filippo Brusseri>	Descriptio Terrae Sanctae
Philippus de Diversis de Quartigianis	<Filippo Diversi>	Situs, aedificiorum, politiae et laudabilium consuetudinum inclytae civitatis Ragusii ad ipsius Senatum descriptio
Philippus de Eleemosyna	<Filippo di Bonne-Espérance, Filippo di Harveng>	Historia miraculorum Bernardi in itinere Germanico patratorum
Philippus de Slane Hibernicus	<Philip de Slane, Filippo di Slane>	Libellus de descriptione Hyberniae
Pseudo Eucherius Lugdunensis	<Eucherio di Lione>	De situ Hierosolymae
Radulphus Niger	<Ralph Niger, Rodolfo il Nero>	De re militari et triplici via peregrinationis Ierosolimitanae
Radulphus de Coggeshall	<Ralph of Coggeshall>	Chronicon Terrae Sanctae
Radulphus de Frammelsberg	<Rudolph von Frameynsberg>	Itinerarium in Palestinam, ad montem Sinai et in Aegyptum
Ranulphus Higden	<Ranulf Higdon, Ranulf Higden>	Polychronicon
Richardus de Templo	<Ricardus Canonicus Sanctae Trinitatis Londoniensis>	Itinerarium peregrinorum et gesta regis Ricardi
Ricobaldus Ferrariensis	<Riccobaldo da Ferrara>	De origine Ravennae
Ricobaldus Ferrariensis	<Riccobaldo da Ferrara>	De origine urbium Italiae et eius primo incolatu
Ricobaldus Ferrariensis	<Riccobaldo da Ferrara>	Liber de locis orbis et insularum et marium
Ricoldus de Monte Crucis	<Riccoldo da Montecroce>	Liber peregrinationis
Rodericus Sancii de Arevalo	<Rodrigo Sanchez de Arévalo>	Libellus de situ et descriptione Hispaniae
Rogerius de Hoveden	<Ruggero di Hoveden>	De viis maris
Rorgus Fretellus de Nazareth	<Rorgo Fretellus, Rorgo Fretello di Nazareth>	Liber locorum sanctorum terrae Ierusalem
Rorgus Fretellus de Nazareth	<Rorgo Fretellus, Rorgo Fretello di Nazareth>	Tractatus de distantiis locorum Terrae Sanctae
Saewulf	<>	Peregrinatio ad Hierosolymam
Simeon Simeonis	<Simon Simeonis>	Itinerarium in Terram Sanctam
Theodericus monachus	<Teodorico monaco>	Libellus de locis sanctis
Theodosius archidiaconus	<Teodosio arcidiacono>	De situ Terrae Sanctae
Thietmarus magister de Merseburg	<Thietmar von Merseburg>	Peregrinatio
Thomas Basinus	<Thomas Basin>	Breviloquium peregrinationis
Thomas Briggius	<Thomas Brygg>	Itinerarium ad Terram Sanctam domini Thomae de Swynburne
Thomas Frigidi Montis	<Tommaso di Montefreddo>	Liber de periculis et peregrinatione Margaritae sororis suae
Titus Vespasianus Strozza	<Titus Vespasianus Strozzius, Tito Vespasiano Strozzi>	De situ ruris Pelosellae at victoria venatica Birrothi et de eius connubio
Trezenzonius	<Trezenzonio>	De Solistitionis Insula Magna
Ubertinus Posculus	<Ubertino Posculo, Ubertinus de Posculis>	Oratio de laudibus Brixiae
Virgilius Bornadus de Brixia	<Virgilio Bornati>	Itinerarium
Wilbrandus Oldenburgensis	<Wilbrand von Oldenburg>	Itinerarium Terrae Sanctae
Wolfgangus de Stira	<Wolfgang von Steyr>	Itinerarium
Zenobius Acciaiolus	<Acciaioli, Zanobi Acciaiuoli, Zenobio Acciaiuoli>	Oratio de laudibus urbis Neapolis
Zenobius Acciaiolus	<Acciaioli, Zanobi Acciaiuoli, Zenobio Acciaiuoli>	Oratio de laudibus urbis Romae
